{"cameraMode":{"drawMode":0,"name":"Shaded","section":"Shading Mode"},"sceneLighting":true,"audioPlay":false,"sceneViewState":{"m_AlwaysRefresh":false,"showFog":true,"showSkybox":true,"showFlares":true,"showImageEffects":true,"showParticleSystems":true,"showVisualEffectGraphs":true,"m_FxEnabled":true},"in2DMode":false,"pivot":{"x":1.5302393436431885,"y":11.408733367919922,"z":-26.906320571899415},"rotation":{"x":0.1315092295408249,"y":-0.04013694077730179,"z":0.0053290147334337238,"w":0.9904891848564148},"size":0.4992917776107788,"orthographic":false}