{"cameraMode":{"drawMode":0,"name":"Shaded","section":"Shading Mode"},"sceneLighting":true,"audioPlay":false,"sceneViewState":{"m_AlwaysRefresh":false,"showFog":true,"showSkybox":true,"showFlares":true,"showImageEffects":true,"showParticleSystems":true,"showVisualEffectGraphs":true,"m_FxEnabled":true},"in2DMode":false,"pivot":{"x":-42.88176727294922,"y":0.29316186904907229,"z":0.0542449951171875},"rotation":{"x":0.118221715092659,"y":0.004468388855457306,"z":-0.0005322489887475967,"w":0.9929779171943665},"size":46.565574645996097,"orthographic":false}