{"cameraMode":{"drawMode":0,"name":"Shaded","section":"Shading Mode"},"sceneLighting":true,"audioPlay":false,"sceneViewState":{"m_AlwaysRefresh":false,"showFog":true,"showSkybox":true,"showFlares":true,"showImageEffects":true,"showParticleSystems":true,"showVisualEffectGraphs":true,"m_FxEnabled":true},"in2DMode":false,"pivot":{"x":0.16250742971897126,"y":3.6526825428009035,"z":-20.01774787902832},"rotation":{"x":0.013498330488801003,"y":-0.01349855586886406,"z":0.0001821540208766237,"w":0.9998182058334351},"size":0.8981741070747376,"orthographic":true}