{"cameraMode":{"drawMode":0,"name":"Shaded","section":"Shading Mode"},"sceneLighting":false,"audioPlay":false,"sceneViewState":{"m_AlwaysRefresh":false,"showFog":true,"showSkybox":false,"showFlares":true,"showImageEffects":true,"showParticleSystems":true,"showVisualEffectGraphs":true,"m_FxEnabled":true},"in2DMode":false,"pivot":{"x":-0.03600025177001953,"y":0.05000000074505806,"z":18.46500015258789},"rotation":{"x":0.2550548315048218,"y":-0.02610323391854763,"z":0.006888122297823429,"w":0.9665513634681702},"size":9.236072540283204,"orthographic":true}